Country,WHO Region,adult_daly,child_daly,retention_pct,adult_cov,child_cov,actual_3TC,actual_ABC,actual_AZT,actual_ddl,actual_d4T,actual_EFV,actual_FTC,actual_LPV/r,actual_NVP,actual_TDF,actual_ATV/r,calc_3TC,calc_ABC,calc_AZT,calc_ddl,calc_d4T,calc_EFV,calc_FTC,calc_LPV/r,calc_NVP,calc_TDF,calc_ATV/r
Afghanistan,EMR,9224.366,1528.182,72.0,0.04985250737,0.11,35.66780209,3.483114137,15.83156254,0.1026422272,0.5238357521,21.36337968,7.057697955,4.612259383,16.42590132,23.74915871,0.4126282835,35.66780209225043,3.4831141374071803,15.83156254172799,0.10264222719528339,0.5238357521197289,21.363379681738536,7.05769795441417,4.612259382938519,16.425901315208378,23.046045126403495,0.41262828341289814
Albania,EUR,96.59686,1.898401,92.0,0.0,0.0,0.0,0.0,0.0,0.0,0.0,0.0,0.0,0.0,0.0,0.0,0.0,0.0,0.0,0.0,0.0,0.0,0.0,0.0,0.0,0.0,0.0,0.0
Algeria,AFR,11055.12,530.9247,92.0,0.8840857334,0.95,186.1668323,3.71423875,70.80180194,0.08826703707,0.4559254035,140.0148999,49.1322222,15.75486505,77.09206589,164.9928191,2.513475486,186.16683228380228,3.714238749691114,70.80180194083322,0.08826703707307837,0.45592540352179795,140.01489989698123,49.13222219757404,15.754865045644236,77.09206589122661,160.7036350832237,2.5134754857124353
American Samoa,WPR,25.84525,2.673419,97.14,0.3637163359,0.0,0.0,0.0,0.0,0.0,0.0,0.0,0.0,0.0,0.0,0.0,0.0,0.054960460687768366,0.00021928793758632686,0.020440843554354854,0.0,0.0,0.04252129385094447,0.015477831449079833,0.004610894755255576,0.022443534331212357,0.04987412194746695,0.0008625691994358085
Andorra,EUR,83.20017,0.16957,97.14,0.3637163359,0.0,0.1769268888,0.000705924442,0.06580248435,0.0,0.0,0.1368831362,0.04982572069,0.01484323918,0.07224947995,0.1652872655,0.002776754105,0.17692688879003476,0.0007059244420592482,0.06580248435073094,0.0,0.0,0.1368831362443209,0.04982572069509053,0.014843239182804282,0.07224947995309407,0.16055311612888176,0.0027767541049060524
Angola,AFR,485015.9,163935.5,97.14,0.2942580225,0.24,1085.331064,84.82324472,466.4270296,2.455044855,12.55246681,689.470875,232.3995389,128.1310753,489.156981,780.4091668,13.0924953,1085.3310642714314,84.82324471827069,466.427029564649,2.455044855470437,12.552466809595435,689.4708749295091,232.39953883635562,128.13107532632878,489.15698097210134,758.0901917048087,13.092495294602962
Antigua and Barbuda,AMR,388.6716,25.17938,97.14,0.3637163359,0.0,0.8265182264,0.00329774305,0.307397892,0.0,0.0,0.639452871,0.2327620555,0.06934054969,0.3375151874,0.7721434454,0.01297167374,0.8265182264536824,0.003297743049975442,0.30739789205447005,0.0,0.0,0.6394528710349775,0.23276205545870818,0.06934054969314644,0.3375151874393646,0.7500277527173115,0.012971673744902245
Argentina,AMR,73886.85,4439.625,66.0,0.6312365145,0.95,3783.17524,122.2568016,1502.665107,3.136901173,16.20302415,2719.586642,953.9801015,350.7388265,1618.611918,3192.017671,50.92785033,3783.175239971295,122.25680156146845,1502.6651065209553,3.1369011725742917,16.20302414512729,2719.5866421352193,953.980101460698,350.73882653005575,1618.6119183202236,3105.149022014185,50.92785033237789
Armenia,EUR,773.9614,2.984153,85.0,0.2533687566,0.0,5.906417992,0.02398832805,2.206146201,0.0,0.0,4.553170884,1.663949792,0.5030584231,2.419804171,5.511532289,0.09433430596,5.906417991244107,0.023988328044019135,2.2061462007353185,0.0,0.0,4.55317088333267,1.663949791702687,0.5030584230651577,2.419804170608703,5.35073065452395,0.094334305940264
Australia,WPR,4679.178,164.2034,97.14,0.9026537647,0.9,28.29496571,0.4196127554,10.59212153,0.009244046329,0.04771365792,21.62148955,7.61552487,2.326812355,11.58183295,25.56709452,0.3883414316,28.29496571371183,0.4196127554060122,10.59212152564856,0.009244046328681128,0.04771365791644804,21.621489553384894,7.615524869971142,2.3268123552179167,11.581832951088456,24.904377862035698,0.38834143164862145
Austria,EUR,2459.371,0.0,97.14,0.0,0.0,0.0,0.0,0.0,0.0,0.0,0.0,0.0,0.0,0.0,0.0,0.0,0.0,0.0,0.0,0.0,0.0,0.0,0.0,0.0,0.0,0.0,0.0
Azerbaijan,EUR,4968.917,54.72095,91.0,0.2758069884,0.83,25.9344138,0.4094426646,9.971884205,0.00893784553,0.04608649812,19.37491097,7.00204341,2.328492877,10.84517862,23.23726794,0.3955959245,25.934413806974526,0.4094426645812236,9.97188420664444,0.008937845529750119,0.046086498121620426,19.3749109719958,7.002043411430095,2.328492876948555,10.845178621324255,22.56291131366201,0.39559592453452674
Bahrain,EMR,983.6522,26.57196,48.0,0.3637163359,0.0,38.03194226,0.1517444737,14.14480469,0.0,0.0,29.42419646,10.71046321,3.190680735,15.53064132,35.52990605,0.5968869544,38.0319422637266,0.1517444737007262,14.144804686000493,0.0,0.0,29.424196458345527,10.710463207054275,3.190680735233121,15.530641322819172,34.5122603163016,0.5968869543830523
Bangladesh,SEA,13423.63,1215.904,80.0,0.1484019886,0.31,96.36547235,5.811427933,40.3528013,0.1645177058,0.8420048874,63.99663366,22.17149326,10.71141323,42.69378892,74.03099208,1.277250834,96.36547233100016,5.811427932899999,40.35280129672775,0.1645177057638126,0.8420048873704442,63.99663364420625,22.171493251700902,10.711413231087409,42.69378891355139,71.85419778189251,1.2772508339321362
Barbados,AMR,1087.004,60.36648,82.0,0.4269798068,0.0,17.2586914,0.06814839036,6.402401315,0.0,0.0,13.380694,4.859011923,1.435122309,7.033786498,16.13411664,0.2681005106,17.25869139555985,0.06814839034800343,6.402401313872005,0.0,0.0,13.380694001265542,4.8590119226218835,1.4351223089512788,7.033786497418357,15.676975614165176,0.2681005105465547
Belarus,EUR,25524.06,55.89697,87.0,0.1967635765,0.94,131.7777158,1.052728362,49.84185608,0.01494154053,0.07716629599,100.3103669,36.60652843,11.51594422,54.4774398,121.2299825,2.093400962,131.77771577907282,1.0527283620806218,49.841856072243125,0.014941540526451299,0.07716629599079204,100.31036687589578,36.606528427969344,11.51594422250494,54.477439793391866,117.66193779865954,2.093400961398228
Belgium,EUR,2829.539,138.2092,97.14,0.0,0.0,0.0,0.0,0.0,0.0,0.0,0.0,0.0,0.0,0.0,0.0,0.0,0.0,0.0,0.0,0.0,0.0,0.0,0.0,0.0,0.0,0.0,0.0
Belize,AMR,4533.936,374.1436,97.14,0.4605946994,0.8,14.64897557,0.6940941926,6.037697249,0.01871563721,0.09646223021,10.04816758,3.492806463,1.482417749,6.43567381,11.68234496,0.1916908475,14.648975571892356,0.6940941925645193,6.0376972492098995,0.01871563720877538,0.09646223020534547,10.048167578218218,3.4928064632627343,1.4824177494318145,6.43567381028717,11.355471651226894,0.19169084745075193
Benin,AFR,102444.2,35926.87,97.14,0.49794976,0.39,400.556193,30.52022018,171.8544625,0.8747829865,4.482264043,255.9980365,85.84425354,46.00300049,180.47193,289.014673,4.68317499,400.55619302486167,30.52022017986378,171.85446252884864,0.8747829864629778,4.4822640428615195,255.99803651531954,85.84425353977966,46.003000490669734,180.47193002269552,281.02835066079956,4.683174990167927
Bermuda,AMR,412.5798,10.71135,97.14,0.3637163359,0.0,0.8773595101,0.003500595793,0.3263067351,0.0,0.0,0.6787872786,0.2470798543,0.07360586707,0.3582766236,0.819639995,0.0137695951,0.8773595101021401,0.003500595793493165,0.32630673510556163,0.0,0.0,0.6787872786204001,0.24707985427477264,0.0736058670720691,0.35827662358323975,0.7961639085813261,0.013769595101203739
Bhutan,SEA,704.6815,221.0629,97.14,0.2518046743,0.0,1.018766015,0.004138644036,0.3805487001,0.0,0.0,0.7853120816,0.2870068419,0.08678810967,0.4173974705,0.9506391159,0.01627519505,1.0187660146696866,0.004138644035132819,0.3805487000693232,0.0,0.0,0.7853120814020472,0.28700684188035697,0.08678810965763108,0.4173974704479967,0.9228966017320852,0.016275195042368483
Bolivia,AMR,4419.861,23.27898,97.14,1.0,0.0,28.95903395,0.1031993158,10.45157603,0.0,0.0,22.91666465,8.109017686,2.203913468,11.54094645,27.2523059,0.4065270656,28.9590339523913,0.10319931578108114,10.451576029219597,0.0,0.0,22.91666465221113,8.109017685522767,2.2039134675186265,11.540946452592626,26.558436498654952,0.40652706559168555
Bosnia and Herzegovina,EUR,137.4223,3.249679,97.14,0.0,0.0,0.0,0.0,0.0,0.0,0.0,0.0,0.0,0.0,0.0,0.0,0.0,0.0,0.0,0.0,0.0,0.0,0.0,0.0,0.0,0.0,0.0,0.0
Botswana,AFR,411632.0,44678.92,97.14,0.7745528681,0.95,2332.291709,99.9827681,947.0652812,2.655487925,13.71638206,1630.740964,562.1364243,223.1478707,1013.53278,1889.837275,29.30053281,2332.291708960954,99.98276810372285,947.0652811877633,2.6554879250654073,13.71638205982078,1630.7409640758383,562.1364243134695,223.14787072859139,1013.5327798484224,1839.8462305488401,29.300532811773316
Brazil,AMR,910360.7,46066.48,77.0,0.5481430753,0.76,26289.59234,698.9335161,10268.91329,17.60241657,90.67223413,19232.99969,6809.368921,2405.368229,11107.3162,22729.25285,368.4834049,26289.592343782457,698.9335160699142,10268.913287286705,17.602416567409946,90.67223413342222,19232.999688166947,6809.368920392517,2405.3682285399714,11107.31619733938,22100.814740199512,368.483404861528
Bulgaria,EUR,2487.548,111.4011,78.0,0.0,0.0,0.0,0.0,0.0,0.0,0.0,0.0,0.0,0.0,0.0,0.0,0.0,0.0,0.0,0.0,0.0,0.0,0.0,0.0,0.0,0.0,0.0,0.0
Burkina Faso,AFR,134589.2,53458.29,97.14,0.5715793963,0.31,577.0084996,36.2897442,239.9573743,1.034342709,5.293786539,385.2293551,131.0436506,62.55339676,254.0985612,440.4852262,7.064369443,577.0084996613787,36.289744199379896,239.95737430081883,1.0343427089264356,5.293786538589158,385.22935510390016,131.0436506511318,62.553396758474726,254.09856117067235,428.4366483692343,7.064369443100325
Burundi,AFR,156313.8,58894.3,90.0,0.5727580191,0.29,2295.019424,131.4326954,943.3816815,3.727011885,19.06949261,1557.470086,533.3556854,242.9998262,1002.377931,1790.824206,28.74689879,2295.019424460172,131.43269541196764,943.3816815905977,3.727011885168065,19.06949260857954,1557.4700862137909,533.3556854430635,242.99982619859543,1002.3779313472023,1741.7950652651998,28.746898795623785
Cambodia,WPR,117498.3,9475.154,79.0,0.74,0.0,3983.284772,14.90124281,1457.168045,0.0,0.0,3121.9678,1118.957463,316.1996189,1605.410244,3736.778155,58.6645718,3983.284772430735,14.901242806985325,1457.1680454525601,0.0,0.0,3121.9678000056806,1118.9574626577255,316.19961885796573,1605.4102444227708,3636.693771656775,58.66457180204358
Cameroon,AFR,1534503.0,282119.7,60.0,0.275878683,0.18,38770.31738,1603.05981,15553.8007,44.30764196,226.348916,27271.73787,9613.15808,3946.17001,16660.73268,32035.34814,543.1106059,38770.317383011155,1603.0598104567175,15553.800698860661,44.30764195534274,226.3489160204239,27271.737869830446,9613.158080741905,3946.1700101921756,16660.732678946748,31109.528992064315,543.1106059907389
Canada,AMR,16082.53,300.6256,97.14,0.3637163359,0.0,34.19983393,0.1364546613,12.71957051,0.0,0.0,26.45940681,9.631274165,2.869186919,13.96576989,31.94990353,0.5367444705,34.19983392789219,0.13645466129637862,12.719570508631904,0.0,0.0,26.459406815435333,9.631274165069787,2.869186919385205,13.965769887610012,31.034796043520412,0.5367444705314274
Cape Verde,AFR,4797.9,286.2016,96.0,0.3583525923,0.0,14.04686789,0.05609492273,5.225414719,0.0,0.0,10.8657228,3.95592775,1.179336939,5.737089208,13.12201527,0.2206466974,14.046867890434484,0.05609492272082745,5.225414718119769,0.0,0.0,10.865722796652658,3.9559277492299167,1.1793369387384,5.737089206870811,12.745833368580579,0.22064669740253479
Central African Republic,AFR,379740.6,61045.54,97.14,0.2386455254,0.25,620.3770087,33.74666072,255.7911015,0.952325034,4.869860915,420.4892667,146.2771506,66.91535921,271.7605361,488.3886384,8.31167615,620.3770086632005,33.74666071969676,255.79110153244199,0.9523250339653533,4.869860914689523,420.48926666973534,146.27715055646664,66.91535921269814,271.7605361132239,474.22097458743974,8.311676149995026
Chad,AFR,382228.3,131695.4,97.14,0.377897708,0.22,1037.427118,63.29751736,430.8924667,1.807741483,9.240226442,693.9033753,238.3712877,113.7295092,456.4724464,798.4337679,13.25471593,1037.4271180008525,63.29751736318044,430.89246662681524,1.8077414831234178,9.240226442167994,693.9033752660479,238.3712876961558,113.72950914826927,456.4724463974484,775.8349501228495,13.254715931399089
Chile,AMR,21219.3,684.7186,97.0,0.8655387793,0.0,123.016006,0.4497354048,44.71988757,0.0,0.0,96.85799868,34.50956765,9.57268735,49.32381812,115.5749441,1.771069453,123.01600595397838,0.4497354048210258,44.71988757254268,0.0,0.0,96.85799868480278,34.50956765471491,9.572687350199857,49.32381812079569,112.55275587439921,1.7710694528949482
China,WPR,1793457.0,117566.9,87.0,0.2518046743,0.0,11785.55032,47.87772346,4402.36108,0.0,0.0,9084.848647,3320.226164,1004.004471,4828.644477,10997.42725,188.2788858,11785.550315164644,47.87772345196312,4402.361079439489,0.0,0.0,9084.848645516848,3320.2261628978317,1004.0044705060893,4828.6444763101745,10676.4891827831,188.27888572936243
Colombia,AMR,111581.6,6073.543,68.0,1.0,0.0,8179.975227,29.15041461,2952.226692,0.0,0.0,6473.204508,2290.530958,622.5331134,3259.938029,7697.880651,114.8305337,8179.975226951585,29.150414613809673,2952.226691752529,0.0,0.0,6473.204508397103,2290.530958026354,622.5331133726811,3259.9380294585762,7501.885352347021,114.83053374958034
Comoros,AFR,877.152,135.2929,97.14,0.3583525923,0.0,1.836154434,0.007332520096,0.6830468173,0.0,0.0,1.420326955,0.5171041925,0.1541585474,0.7499310073,1.715261132,0.02884211733,1.836154433947921,0.007332520094814346,0.6830468171787983,0.0,0.0,1.420326954502714,0.5171041924636093,0.15415854737679177,0.749931007205106,1.6660880302019203,0.028842117326918056
Congo,AFR,203664.3,68989.94,97.14,0.3583525923,0.0,426.3333009,1.702524275,158.5953768,0.0,0.0,329.7830878,120.0654657,35.7937879,174.1250931,398.2633086,6.69679786,426.3333008211799,1.7025242744088795,158.5953767282614,0.0,0.0,329.7830877201752,120.06546571764787,35.79378789595319,174.12509306337202,386.84589718709293,6.696797859327274
Costa Rica,AMR,6931.142,460.2796,97.14,0.5647759027,0.53,25.39057497,0.6071193776,9.804784269,0.0152383926,0.07823579623,18.77615151,6.66067702,2.296320777,10.63247871,22.23095202,0.3594649662,25.390574967487733,0.6071193775861429,9.804784268170991,0.015238392599341405,0.07823579622914552,18.7761515058618,6.660677019075077,2.296320777063774,10.632478709638699,21.61787676555356,0.3594649661613291
Cote d'Ivoire,AFR,978347.4,266722.7,76.0,0.3583525923,0.24,20739.84012,1181.281993,8560.507577,33.51904289,171.3804424,14012.35091,4839.957017,2238.183444,9088.264148,16193.84639,269.9545085,20739.840116452106,1181.2819929866366,8560.507575859492,33.51904289010399,171.38044236947863,14012.35090745286,4839.957016253286,2238.183444195582,9088.264147168396,15733.599304976511,269.9545085004148
Croatia,EUR,276.0722,21.32453,93.0,0.0,0.0,0.0,0.0,0.0,0.0,0.0,0.0,0.0,0.0,0.0,0.0,0.0,0.0,0.0,0.0,0.0,0.0,0.0,0.0,0.0,0.0,0.0,0.0
Cuba,AMR,15270.3,712.7452,96.0,0.6918382843,0.95,98.76440227,2.409552465,38.32884227,0.05924748556,0.3060308203,72.84099246,25.68430701,8.761280268,41.54015781,85.93616343,1.357461268,98.76440227568149,2.409552464926348,38.328842272605335,0.059247485558741805,0.3060308203010941,72.84099245922852,25.684307009278438,8.761280268698922,41.54015781224716,83.6204690802927,1.3574612680883527
Cyprus,EUR,159.06,0.86717,97.14,0.0,0.0,0.0,0.0,0.0,0.0,0.0,0.0,0.0,0.0,0.0,0.0,0.0,0.0,0.0,0.0,0.0,0.0,0.0,0.0,0.0,0.0,0.0,0.0
Czech Republic,EUR,648.4643,56.03869,97.14,0.0,0.0,0.0,0.0,0.0,0.0,0.0,0.0,0.0,0.0,0.0,0.0,0.0,0.0,0.0,0.0,0.0,0.0,0.0,0.0,0.0,0.0,0.0,0.0
Democratic Republic of the Congo,AFR,1478999.0,547783.6,86.0,0.3442309608,0.22,18412.1731,1278.33138,7772.995767,36.80753611,188.1408219,12017.7445,4090.624926,2094.368629,8193.817083,13719.17557,228.664484,18412.173102969617,1278.331380203564,7772.9957670962385,36.80753610629851,188.140821890545,12017.74450259587,4090.624925660284,2094.3686288151716,8193.8170831344,13329.333724698166,228.66448397785706
Denmark,EUR,1569.254,26.83577,97.14,0.0,0.0,0.0,0.0,0.0,0.0,0.0,0.0,0.0,0.0,0.0,0.0,0.0,0.0,0.0,0.0,0.0,0.0,0.0,0.0,0.0,0.0,0.0,0.0
Djibouti,EMR,17097.56,3597.963,86.0,0.2264610951,0.08,117.4253333,3.328256578,45.96551554,0.08786720273,0.4482409625,85.33942996,30.53478578,11.3345262,49.6237935,101.4712997,1.738274442,117.42533331618858,3.328256578162297,45.96551554294058,0.08786720272937953,0.44824096249592993,85.33942996390246,30.534785784189204,11.334526199533652,49.62379349505794,98.50838783167629,1.7382744423640706
Dominica,AMR,289.4071,11.57927,97.14,1.0,0.0,1.896202174,0.006757365153,0.6843564332,0.0,0.0,1.500555212,0.5309685739,0.1443095621,0.755687078,1.784447705,0.02661889574,1.8962021735441694,0.006757365152928323,0.6843564331651965,0.0,0.0,1.500555211729268,0.5309685739474289,0.14430956206213494,0.7556870779646963,1.7390139842881676,0.026618895735499266
Dominican Republic,AMR,89754.48,6675.191,95.0,0.4623791797,0.39,462.2545693,11.21983463,178.9111092,0.2841506236,1.455947524,340.8804444,121.3850392,42.46493704,193.8797858,404.4631852,6.659909368,462.25456929355903,11.219834627115969,178.91110924186341,0.2841506235950855,1.4559475236785848,340.8804444168075,121.38503918763078,42.464937037102274,193.8797857785535,393.106600189928,6.659909368117626
Ecuador,AMR,36970.94,302.0706,97.14,0.5259484778,0.95,119.060771,1.079368575,44.61842724,0.0179535412,0.09273536063,91.28444324,32.87349198,10.01757144,48.8624363,109.4067555,1.785321678,119.06077104093912,1.0793685748080528,44.61842724345691,0.017953541196100146,0.09273536062732264,91.28444324964467,32.873491982588135,10.017571439473167,48.86243630223961,106.36205770831623,1.7853216783931458
Egypt,EMR,9186.052,1936.476,80.0,0.192037037,0.27,94.48874704,7.876880302,41.14222164,0.2281724705,1.16712687,58.87712942,19.76716144,11.44554097,42.99911821,66.37511211,1.13122986,94.48874702884274,7.87688030191894,41.14222163397151,0.22817247050576647,1.1671268702988125,58.87712941033001,19.76716143420963,11.445540966123271,42.99911820177222,64.44703169604986,1.1312298599580262
El Salvador,AMR,24380.72,828.4091,83.0,0.5398461977,0.78,499.7751378,10.09474134,192.3145072,0.2401410698,1.2373534,372.0419886,132.5683728,44.3876658,208.9378302,442.0114,7.183477459,499.7751377878662,10.09474133813421,192.31450718212588,0.24014106982032804,1.2373534003611575,372.0419886138662,132.56837282434424,44.38766580669672,208.9378302411574,429.76035852927436,7.18347745904734
Equatorial Guinea,AFR,35612.91,9739.08,97.14,0.3299214424,0.1,74.59058214,2.271798024,29.22392173,0.06073907511,0.309938683,54.0845598,19.24129951,7.190477589,31.53132674,64.05087474,1.077987634,74.59058215047288,2.2717980244547205,29.223921729351456,0.060739075109639815,0.3099386830280105,54.08455980083679,19.241299507175555,7.1904775895631445,31.531326739762406,62.21309838759602,1.0779876341692791
Eritrea,AFR,33785.33,13925.24,79.0,0.6292451587,0.35,1196.844245,78.34329118,500.1387478,2.23396317,11.43998368,793.6850757,268.4867923,130.35608,528.8819658,903.9210813,14.33775919,1196.844244658424,78.34329118158664,500.1387477306157,2.233963170403934,11.439983684958419,793.6850756322121,268.4867923150814,130.35607995948635,528.88196580287,879.4649649847637,14.3377591878944
Estonia,EUR,1846.886,20.90268,97.14,0.0,0.0,0.0,0.0,0.0,0.0,0.0,0.0,0.0,0.0,0.0,0.0,0.0,0.0,0.0,0.0,0.0,0.0,0.0,0.0,0.0,0.0,0.0,0.0
Ethiopia,AFR,1227515.0,412376.3,97.14,0.3379265048,0.0,2415.009488,9.676185381,899.1069394,0.0,0.0,1866.833562,680.1753975,203.3316248,986.960663,2255.520865,38.05903544,2415.009488229125,9.676185381038774,899.1069393738948,0.0,0.0,1866.8335624996696,680.1753975328523,203.33162479414173,986.960663029836,2190.6361003815337,38.05903543833019
Fiji,WPR,1054.248,111.5615,59.0,0.3580990952,0.0,31.61327875,0.1262500412,11.760213,0.0,0.0,24.45372522,8.90305016,2.654258544,12.91174693,29.53176635,0.4965982148,31.613278750319218,0.12625004116886523,11.760212996178423,0.0,0.0,24.45372522242068,8.90305016052035,2.654258543742708,12.911746929816944,28.685113412814513,0.49659821485923594
Finland,EUR,377.3627,17.74144,94.0,0.0,0.0,0.0,0.0,0.0,0.0,0.0,0.0,0.0,0.0,0.0,0.0,0.0,0.0,0.0,0.0,0.0,0.0,0.0,0.0,0.0,0.0,0.0,0.0
France,EUR,25608.36,575.4786,97.14,0.0,0.0,0.0,0.0,0.0,0.0,0.0,0.0,0.0,0.0,0.0,0.0,0.0,0.0,0.0,0.0,0.0,0.0,0.0,0.0,0.0,0.0,0.0,0.0
Gabon,AFR,59623.49,3071.225,97.14,0.5830216616,0.52,222.1153468,4.185336439,84.72530817,0.09975632647,0.5120879912,166.5792048,59.32800328,19.54379018,92.21420551,197.9302684,3.192325964,222.11534679193605,4.185336439269987,84.7253081645166,0.09975632647038976,0.5120879912478056,166.5792047831598,59.328003275038164,19.543790175880996,92.21420550487319,192.48551382456523,3.1923259639659376
Georgia,EUR,1681.458,12.30716,84.0,0.3177689243,0.95,17.85506107,0.2123333776,6.795786972,0.004092168053,0.02113726067,13.49184889,4.885691039,1.564799703,7.413400711,16.21403249,0.2742379353,17.855061073280424,0.21233337762239454,6.795786972322878,0.004092168053150691,0.021137260666935744,13.491848892135902,4.885691039341693,1.5647997033262353,7.413400710545533,15.746515727412065,0.2742379353167885
Germany,EUR,20984.78,451.9962,97.14,0.0,0.0,0.0,0.0,0.0,0.0,0.0,0.0,0.0,0.0,0.0,0.0,0.0,0.0,0.0,0.0,0.0,0.0,0.0,0.0,0.0,0.0,0.0,0.0
Ghana,AFR,500789.6,118784.9,97.14,0.3459237101,0.27,1223.324868,70.61127671,506.3649238,2.001466842,10.23771942,823.8520589,284.4219843,132.4854331,537.2434747,951.6056821,15.89488065,1223.3248678269024,70.61127670725018,506.36492376191416,2.0014668424109554,10.237719417298896,823.8520587687998,284.42198424223204,132.48543304666129,537.2434746909846,924.5069919333679,15.894880645483012
Greece,EUR,898.3296,36.41367,97.0,0.0,0.0,0.0,0.0,0.0,0.0,0.0,0.0,0.0,0.0,0.0,0.0,0.0,0.0,0.0,0.0,0.0,0.0,0.0,0.0,0.0,0.0,0.0,0.0
Greenland,EUR,88.33066,1.202182,97.14,0.0,0.0,0.0,0.0,0.0,0.0,0.0,0.0,0.0,0.0,0.0,0.0,0.0,0.0,0.0,0.0,0.0,0.0,0.0,0.0,0.0,0.0,0.0,0.0
Grenada,AMR,487.6984,23.64871,57.0,1.0,0.0,48.04289969,0.1712071744,17.33911496,0.0,0.0,38.01863774,13.4528218,3.656281968,19.14637531,45.21144596,0.6744264696,48.04289968608982,0.1712071743793159,17.33911495662565,0.0,0.0,38.01863773618822,13.452821798502324,3.6562819675162705,19.146375311275083,44.0603199202681,0.6744264696125698
Guam,WPR,194.2904,11.12467,97.14,0.3637163359,0.0,0.4131625692,0.001648486322,0.1536630395,0.0,0.0,0.3196517422,0.1163538392,0.03466217531,0.1687181692,0.3859815301,0.006484321675,0.41316256918431027,0.0016484863218124211,0.15366303945649695,0.0,0.0,0.3196517422279739,0.11635383923058594,0.034662175307126376,0.1687181692042051,0.3749262670247776,0.0064843216755907955
Guatemala,AMR,31371.62,6866.384,89.0,0.2951129494,0.44,285.9335741,25.24112786,126.4764414,0.7256115309,3.720585809,174.6879951,57.99115577,34.80678027,131.7902208,195.2182205,3.2665656,285.933574064114,25.241127860330227,126.4764413651494,0.72561153088102,3.7205858094589854,174.68799513964876,57.991155763767956,34.8067802729335,131.7902207677473,189.6496483418709,3.266565600344266
Guinea,AFR,235195.1,48479.97,97.14,0.2945854898,0.22,470.8321167,23.67688448,192.1670028,0.6654693548,3.401530355,323.4297927,112.8270321,49.70019436,204.748118,376.6893543,6.355918039,470.83211673416383,23.67688448515577,192.16700283540453,0.6654693548110169,3.401530354966925,323.42979278590656,112.82703213730454,49.700194360069304,204.74811806260254,365.854318405553,6.355918040191144
Guinea-Bissau,AFR,78821.69,19787.45,97.14,0.3583525923,0.0,164.9985357,0.6589070377,61.37921875,0.0,0.0,127.6318938,46.46746101,13.85282965,67.38949393,154.1349517,2.591779339,164.99853569822386,0.6589070375855348,61.37921874333515,0.0,0.0,127.63189379543913,46.4674610056945,13.852829648890724,67.38949392044782,149.71621136278137,2.5917793391407233
Guyana,AMR,20913.44,1799.831,78.0,0.5848093842,0.95,673.4274708,30.8713852,277.3335358,0.8228677464,4.250355759,463.6418703,160.6141081,66.58099264,295.8897562,538.1895707,8.639816026,673.4274708784183,30.871385198704917,277.33353581179864,0.8228677464172568,4.250355758738692,463.64187034169134,160.61410810912227,66.58099264771634,295.8897562590687,523.4536616056638,8.639816026197927
Haiti,AMR,313251.6,43572.69,97.14,0.5368833811,0.3,1099.847627,31.11396,427.4483068,0.8158442397,4.174912777,805.3576751,284.8398101,102.2684208,462.3241139,950.9019737,15.44200667,1099.8476275125693,31.113959998206,427.4483068281013,0.8158442397083074,4.174912777257455,805.3576751465272,284.83981009714734,102.2684207885909,462.32411389654595,924.5665833445076,15.442006673251816
Honduras,AMR,25959.27,4820.381,83.0,0.5172265271,0.74,635.1820353,47.37844699,276.8975055,1.325487478,6.825782272,401.7633392,134.732703,71.47413148,290.4948371,453.58459,7.327483095,635.1820353228294,47.378446994122285,276.8975054499505,1.325487477874776,6.825782272448618,401.763339207228,134.7327030215352,71.47413148320413,290.49483707971126,441.088448971096,7.327483094460772
Hungary,EUR,1725.244,23.68386,97.14,0.0,0.0,0.0,0.0,0.0,0.0,0.0,0.0,0.0,0.0,0.0,0.0,0.0,0.0,0.0,0.0,0.0,0.0,0.0,0.0,0.0,0.0,0.0,0.0
Iceland,EUR,59.17611,1.631419,97.14,0.0,0.0,0.0,0.0,0.0,0.0,0.0,0.0,0.0,0.0,0.0,0.0,0.0,0.0,0.0,0.0,0.0,0.0,0.0,0.0,0.0,0.0,0.0,0.0
India,SEA,5770929.0,1052274.0,97.14,0.4061519941,0.0,13800.32653,54.68043783,5123.831079,0.0,0.0,10691.96773,3885.718971,1150.924618,5628.046747,12898.22921,215.1063998,13800.326525865816,54.680437827097315,5123.83107912117,0.0,0.0,10691.967732133653,3885.7189714967653,1150.9246178966653,5628.046747553522,12531.462356388553,215.1063997787416
Indonesia,SEA,855522.1,77781.11,97.14,0.08827710608,0.16,503.6942489,27.39506296,207.9178827,0.7763199485,3.964764342,340.6296778,119.0905428,55.14078351,220.7621156,396.9305298,6.922848002,503.69424888367854,27.395062957425026,207.9178826480373,0.77631994850729,3.9647643424454606,340.62967778254597,119.09054276858157,55.1407835085594,220.76211560298432,385.1332898538518,6.922848001541238
Iran,EMR,26382.84,29.45509,97.14,0.0,0.0,0.0,0.0,0.0,0.0,0.0,0.0,0.0,0.0,0.0,0.0,0.0,0.0,0.0,0.0,0.0,0.0,0.0,0.0,0.0,0.0,0.0,0.0
Iraq,EMR,4860.863,1141.447,97.14,0.0,0.0,0.0,0.0,0.0,0.0,0.0,0.0,0.0,0.0,0.0,0.0,0.0,0.0,0.0,0.0,0.0,0.0,0.0,0.0,0.0,0.0,0.0,0.0
Ireland,EUR,642.5257,22.31939,97.14,0.0,0.0,0.0,0.0,0.0,0.0,0.0,0.0,0.0,0.0,0.0,0.0,0.0,0.0,0.0,0.0,0.0,0.0,0.0,0.0,0.0,0.0,0.0,0.0
Israel,EUR,1712.951,204.4116,97.14,0.0,0.0,0.0,0.0,0.0,0.0,0.0,0.0,0.0,0.0,0.0,0.0,0.0,0.0,0.0,0.0,0.0,0.0,0.0,0.0,0.0,0.0,0.0,0.0
Italy,EUR,34549.22,596.8027,97.14,0.0,0.0,0.0,0.0,0.0,0.0,0.0,0.0,0.0,0.0,0.0,0.0,0.0,0.0,0.0,0.0,0.0,0.0,0.0,0.0,0.0,0.0,0.0,0.0
Jamaica,AMR,18077.68,71.33496,60.0,0.3224223473,0.95,480.7849248,3.968007609,181.1790694,0.05929772677,0.306290331,367.0981582,133.3394078,41.39714298,198.2012245,442.3186749,7.479032876,480.78492478177805,3.9680076089079384,181.1790693548798,0.05929772676734161,0.3062903310319836,367.09815820063335,133.3394078091445,41.39714297820936,198.20122446180093,429.56842689085806,7.479032875792316
Japan,WPR,5784.242,695.9852,97.14,0.2518046743,0.0,8.362344082,0.03397126029,3.123660511,0.0,0.0,6.446082557,2.355840233,0.7123834372,3.426126526,7.803137589,0.1335917954,8.362344080588205,0.03397126028009068,3.123660510438237,0.0,0.0,6.446082555527767,2.355840232916175,0.7123834370311627,3.426126525613432,7.575418519424736,0.13359179533201815
Jordan,EMR,500.7603,103.797,73.0,0.0,0.0,0.0,0.0,0.0,0.0,0.0,0.0,0.0,0.0,0.0,0.0,0.0,0.0,0.0,0.0,0.0,0.0,0.0,0.0,0.0,0.0,0.0,0.0
Kazakhstan,EUR,16929.48,940.7953,75.0,0.2592878049,0.95,281.3977991,17.92830017,122.1243943,0.4887770197,2.524678151,181.0783042,62.13662235,30.7530697,128.6057877,207.8866233,3.519502832,281.39779908136205,17.928300173820762,122.12439429561624,0.4887770197407343,2.5246781510630822,181.0783042455338,62.136622358866575,30.753069706014276,128.60578774355406,201.88724000586816,3.5195028321862956
Kenya,AFR,2110755.0,993443.3,81.0,0.5803563961,0.73,84805.44955,10524.8083,40823.71824,301.1737119,1550.712475,45146.19221,13883.04388,11320.8226,41734.30955,47478.86518,747.3447735,84805.44955355555,10524.808297463764,40823.71824380024,301.1737119484538,1550.7124745300916,45146.192211053225,13883.043878768827,11320.822603896673,41734.30955173677,46204.21780517719,747.3447734892211
Kiribati,WPR,25.42931,2.801773,89.0,0.3637163359,0.0,0.2079844448,0.0008298416602,0.07735338176,0.0,0.0,0.1609114549,0.05857207418,0.01744880544,0.08493207604,0.1943016145,0.003264182537,0.20798444477925576,0.0008298416602579642,0.07735338176337887,0.0,0.0,0.16091145492986156,0.058572074179141745,0.017448805443161807,0.08493207604790373,0.18873643765517711,0.0032641825374704328
Kuwait,EMR,201.3337,146.5286,97.14,0.0,0.0,0.0,0.0,0.0,0.0,0.0,0.0,0.0,0.0,0.0,0.0,0.0,0.0,0.0,0.0,0.0,0.0,0.0,0.0,0.0,0.0,0.0,0.0
Kyrgyzstan,EUR,13823.43,129.6541,76.0,0.2176567817,0.95,152.2216887,2.842385082,59.18341051,0.06466557264,0.3340168457,112.4708775,40.61990792,13.92368128,64.18738587,134.757489,2.315515064,152.22168870014218,2.8423850816911367,59.18341049983754,0.06466557263982976,0.334016845669954,112.47087749234193,40.619907918613286,13.923681276471516,64.18738586839567,130.8107235004974,2.315515064128314
Latvia,EUR,5342.366,51.56927,97.14,0.1976608187,0.95,6.392238538,0.1314399646,2.499111114,0.003065015309,0.01583171236,4.694405339,1.693564812,0.5909129299,2.706296995,5.618624589,0.09683588189,6.392238537675353,0.13143996457995982,2.499111113357143,0.0030650153089966763,0.01583171235710384,4.694405338843678,1.6935648119735254,0.5909129298392625,2.7062969944472006,5.453574843445534,0.09683588188080991
Lebanon,EMR,3875.685,186.1628,92.0,0.3679213483,0.0,23.33645397,0.09304675562,8.677814827,0.0,0.0,18.05724061,6.571845787,1.956661525,9.528394644,21.80216694,0.3660029733,23.33645396551421,0.09304675561372737,8.677814826518714,0.0,0.0,18.057240609848314,6.571845786692689,1.9566615251179047,9.528394643951616,21.178155811268837,0.3660029732890661
Lesotho,AFR,579343.1,154631.2,97.14,0.4131871882,0.56,2023.475108,189.0628256,908.2512457,5.409722591,27.78613013,1212.049977,397.296122,247.7830731,943.6423326,1341.53496,21.96914079,2023.475108298835,189.06282560076966,908.2512457175012,5.409722590575165,27.786130134143264,1212.049977515258,397.2961220391478,247.7830730775578,943.6423326375086,1304.0760482737426,21.969140791795745
Liberia,AFR,97314.25,19127.54,97.14,0.2603377227,0.1,157.979046,4.514435488,61.81815621,0.1192914617,0.6087191559,114.8413787,41.03301578,15.20702619,66.74291821,136.4219688,2.323789963,157.97904603078848,4.5144354884360345,61.81815621202959,0.11929146169069771,0.6087191559331674,114.84137866634562,41.03301578160241,15.207026194640317,66.74291820765526,132.4608035761924,2.3237899625904155
Libya,EMR,4868.105,618.8764,97.14,0.3583525923,0.0,10.19047164,0.04069474588,3.790840842,0.0,0.0,7.882671133,2.869876037,0.8555643667,4.162041341,9.519526024,0.1600708379,10.190471640803466,0.04069474587775687,3.7908408416582238,0.0,0.0,7.882671132083646,2.869876036140895,0.8555643665837813,4.1620413404178676,9.246620278202775,0.16007083785906706
Lithuania,EUR,2967.91,40.31704,63.0,0.0,0.0,0.0,0.0,0.0,0.0,0.0,0.0,0.0,0.0,0.0,0.0,0.0,0.0,0.0,0.0,0.0,0.0,0.0,0.0,0.0,0.0,0.0,0.0
Luxembourg,EUR,136.2802,2.364897,97.14,0.0,0.0,0.0,0.0,0.0,0.0,0.0,0.0,0.0,0.0,0.0,0.0,0.0,0.0,0.0,0.0,0.0,0.0,0.0,0.0,0.0,0.0,0.0,0.0
Madagascar,AFR,179911.8,46601.51,80.0,0.032625,0.01,248.3944536,7.600489432,98.10129301,0.2031747162,1.035439952,178.626559,64.17759012,24.73734785,105.6219024,212.8873367,3.76174883,248.39445359407438,7.60048943239155,98.10129301432357,0.203174716169082,1.03543995189697,178.62655899200374,64.17759011939307,24.73734784859477,105.62190238017494,206.47755503504217,3.761748829596821
Malawi,AFR,1189228.0,534327.3,76.0,0.6097230056,0.61,56656.19992,5958.308542,25994.62349,170.9041978,878.450638,32696.58195,10431.34688,7126.838206,26852.92081,35459.82239,558.8448895,56656.199923396496,5958.308541504206,25994.623494892792,170.90419784458769,878.4506379595466,32696.581954088088,10431.346876412972,7126.838206094598,26852.920813161247,34506.62541425348,558.8448895277793
Malaysia,WPR,101295.6,1791.968,95.0,0.276198748,0.95,305.1000419,7.629667751,120.35844,0.1861983746,0.9617697829,221.6896138,79.41901362,28.50264059,130.0009724,263.9218557,4.486681232,305.1000418884162,7.629667750341537,120.35844002210982,0.18619837461151523,0.9617697828643934,221.6896137834326,79.4190136025868,28.50264058295351,130.00097233387356,256.27358347653956,4.4866812312756865
Maldives,SEA,42.83203,9.463754,97.14,0.2518046743,0.0,0.06192275022,0.0002515555262,0.02313055379,0.0,0.0,0.04773292705,0.01744488207,0.00527516462,0.02537029989,0.05778185341,0.0009892407314,0.06192275021170906,0.00025155552610949764,0.023130553786115084,0.0,0.0,0.047732927045729075,0.01744488206604644,0.005275164619049804,0.02537029988179441,0.05609560479775153,0.0009892407311822122
Mali,AFR,280360.6,106309.1,97.14,0.2861555007,0.23,624.6184306,52.48142951,271.1621403,1.525658686,7.799474587,390.1065,130.4704046,75.45674433,283.4841222,438.6915663,7.359429085,624.6184305207746,52.48142950869281,271.16214028808713,1.5256586861447643,7.7994745872118685,390.106499936494,130.47040460395257,75.45674432288321,283.48412220884086,426.1460136598672,7.359429084586413
Malta,EUR,91.83197,2.038141,97.14,0.0,0.0,0.0,0.0,0.0,0.0,0.0,0.0,0.0,0.0,0.0,0.0,0.0,0.0,0.0,0.0,0.0,0.0,0.0,0.0,0.0,0.0,0.0,0.0
Marshall Islands,WPR,145.303,25.69346,88.0,0.3637163359,0.0,1.296460893,0.005172777516,0.4821785325,0.0,0.0,1.003033706,0.3651061677,0.1087662777,0.5294199537,1.211169637,0.02034712264,1.2964608926296695,0.005172777515843495,0.48217853251146703,0.0,0.0,1.0030337062664518,0.36510616769468696,0.10876627770972258,0.5294199537028967,1.176479378993347,0.020347122645285355
Mauritania,AFR,14965.87,4024.387,74.0,0.1862320144,0.13,174.7792268,10.3670891,72.52631681,0.296653062,1.514400963,117.0528014,40.56364975,19.37673313,76.84619161,135.4806061,2.323417471,174.77922678579247,10.367089096439937,72.5263168125585,0.2966530620205808,1.5144009632412112,117.05280144194437,40.56364975241698,19.376733135679675,76.8461916088505,131.52058836285914,2.3234174713138716
Mauritius,AFR,3714.38,157.7135,97.14,0.307189594,0.0,6.609798319,0.02661514165,2.463784536,0.0,0.0,5.104314146,1.861812905,0.5588669867,2.703752946,6.171307193,0.1046771448,6.609798318897573,0.02661514164668158,2.463784535819141,0.0,0.0,5.104314146049708,1.861812904578296,0.5588669866785333,2.7037529459769623,5.992858446728561,0.10467714477066496
Mexico,AMR,244776.9,13820.26,85.0,0.5854548808,0.95,5098.529187,167.67032,2031.454203,4.308073496,22.25247626,3653.454819,1283.285014,476.3764697,2186.680866,4290.584645,69.02368977,5098.529186516199,167.67032003527416,2031.4542033569905,4.308073495802167,22.25247625961423,3653.4548194908766,1283.285014172625,476.37646966106854,2186.6808661528453,4172.858993663021,69.0236897713102
Mongolia,WPR,152.2821,8.003381,95.0,0.4767567568,0.01,0.7571072849,0.003246598214,0.2804819471,8.7233475e-06,4.44568236e-05,0.5874673118,0.2128520393,0.06264268482,0.3082053353,0.707360712,0.01165152802,0.757107284977004,0.003246598214439246,0.2804819470810257,8.72334750026353e-06,4.4456823596773594e-05,0.5874673118399637,0.21285203934026212,0.06264268483014558,0.3082053353647404,0.6874918388565302,0.011651528025942682
Montenegro,EUR,60.08948,1.73519,94.0,0.0,0.0,0.0,0.0,0.0,0.0,0.0,0.0,0.0,0.0,0.0,0.0,0.0,0.0,0.0,0.0,0.0,0.0,0.0,0.0,0.0,0.0,0.0,0.0
Morocco,EMR,16281.27,1094.391,82.0,0.3571319071,0.95,264.677001,15.11991263,112.8092048,0.4093743702,2.114539936,174.5439847,60.19092333,27.98262659,119.3370975,201.3737305,3.357864452,264.67700097487784,15.119912630820451,112.80920478824369,0.4093743701908152,2.1145399359695527,174.54398473126867,60.19092332967731,27.982626594192908,119.33709751387744,195.64889915108722,3.357864452077781
Mozambique,AFR,2769133.0,1472600.0,66.0,0.5257470925,0.57,174711.666,21562.33088,82863.26482,623.4167582,3202.534516,94559.13301,29259.12098,23538.03172,84823.092,99916.37334,1589.081004,174711.66599746657,21562.33087580897,82863.26482529483,623.4167581643435,3202.5345160088073,94559.13301359779,29259.120979444477,23538.031716843147,84823.09200608365,97206.34644927506,1589.0810036548748
Myanmar,SEA,382019.7,11480.02,85.0,0.4579258025,0.75,5782.986053,118.4162592,2232.46221,2.823091125,14.53999642,4291.7957,1533.900014,519.677979,2423.632421,5107.555767,84.2187594,5782.986052666823,118.41625922012963,2232.462209576711,2.823091124790457,14.539996423218915,4291.795699768728,1533.90001448365,519.6779789552468,2423.6324210631346,4963.945697419717,84.21875940427338
Namibia,AFR,240660.4,56371.17,85.0,0.6744043431,0.95,7435.697664,632.2347537,3355.426982,17.57211105,90.76516087,4500.157258,1475.317363,851.6514448,3496.18708,4994.039502,78.19938056,7435.697663128916,632.2347536866223,3355.4269816153665,17.57211104598309,90.76516086901967,4500.157257989836,1475.3173625616976,851.6514447377347,3496.187080006966,4860.6431816023605,78.19938055368652
Nepal,SEA,83510.78,6515.669,97.14,0.2992289515,0.58,171.4180882,8.601728018,70.79327177,0.2361070959,1.213072285,116.7953011,40.7230097,17.92559698,75.33175549,135.9562114,2.292410147,171.41808819345286,8.60172801750507,70.79327177053904,0.23610709593489257,1.2130722853603126,116.7953010586991,40.72300970126599,17.925596981811374,75.33175548552032,132.04827117579939,2.292410147023937
Netherlands,EUR,3127.204,105.5048,97.14,0.0,0.0,0.0,0.0,0.0,0.0,0.0,0.0,0.0,0.0,0.0,0.0,0.0,0.0,0.0,0.0,0.0,0.0,0.0,0.0,0.0,0.0,0.0,0.0
New Zealand,WPR,607.3335,21.06793,97.14,0.3637163359,0.0,1.291507296,0.005153013054,0.4803361956,0.0,0.0,0.9992012543,0.3637111479,0.1083506969,0.5273971139,1.206541927,0.02026937913,1.2915072963548337,0.005153013054316961,0.480336195580185,0.0,0.0,0.9992012543512864,0.36371114794322845,0.10835069693042287,0.5273971138892198,1.1719842153502835,0.020269379127133513
Nicaragua,AMR,9524.273,228.8854,79.0,0.3344058501,0.69,144.5261236,3.025833889,56.04175278,0.07248023155,0.3729783642,106.7787776,38.32537662,13.21759793,60.77207289,127.387529,2.14566534,144.52612356574383,3.025833888800679,56.04175278206762,0.07248023155256102,0.3729783642491883,106.77877765176567,38.325376624011845,13.21759793404515,60.77207289270288,123.72952420598256,2.145665340475752
Niger,AFR,135371.9,60607.08,67.0,0.2740156787,0.16,3195.15594,240.4525233,1362.004821,6.979718008,35.64630425,2051.180976,694.7204863,374.4828529,1430.981479,2330.759336,39.26063087,3195.155940241205,240.45252325590525,1362.0048212071185,6.979718007779073,35.64630424707819,2051.1809760082883,694.7204863763127,374.4828529395082,1430.981479418194,2263.8335111199453,39.260630869838074
Nigeria,AFR,5694592.0,2192955.0,97.14,0.3394787773,0.0,11257.84496,45.09530483,4191.03417,0.0,0.0,8702.904057,3170.698127,947.6507347,4600.61572,10514.54111,177.3725727,11257.844956148043,45.09530482392298,4191.034169555685,0.0,0.0,8702.90405596202,3170.698126249364,947.6507346194996,4600.6157191612565,10212.147502613965,177.37257265462952
Northern Mariana Islands,WPR,66.76201,2.443359,97.14,0.3637163359,0.0,0.1419708003,0.0005664523842,0.05280164834,0.0,0.0,0.1098386375,0.03998147195,0.01191060647,0.05797488759,0.1326308596,0.002228140703,0.14197080028405215,0.0005664523841718587,0.05280164834096304,0.0,0.0,0.10983863747844164,0.0399814719525554,0.01191060646576529,0.05797488758885067,0.12883205340238568,0.0022281407035499926
Norway,EUR,678.3519,20.98212,97.14,0.0,0.0,0.0,0.0,0.0,0.0,0.0,0.0,0.0,0.0,0.0,0.0,0.0,0.0,0.0,0.0,0.0,0.0,0.0,0.0,0.0,0.0,0.0,0.0
Oman,EMR,3332.475,71.62673,66.0,0.0,0.0,0.0,0.0,0.0,0.0,0.0,0.0,0.0,0.0,0.0,0.0,0.0,0.0,0.0,0.0,0.0,0.0,0.0,0.0,0.0,0.0,0.0,0.0
Pakistan,EMR,67978.19,10142.72,97.14,0.0601777362,0.05,26.03032728,1.132068278,10.5166319,0.03162236739,0.1612482282,18.13231232,6.422982418,2.735208419,11.23816297,21.358864,0.3749432745,26.0303272746931,1.132068277943337,10.516631899632127,0.031622367389703476,0.16124822820132,18.132312323044037,6.422982417461269,2.735208418860212,11.23816297048546,20.719953701137737,0.37494327444728526
Panama,AMR,23000.54,246.8803,97.14,0.5975066785,0.92,85.35176968,0.8147945513,31.92817627,0.01420836026,0.07335848643,65.5112959,23.51200229,7.12932548,34.97327945,78.3561765,1.262145399,85.35176967728607,0.8147945512446012,31.928176271650454,0.01420836026392189,0.07335848642837355,65.51129589509367,23.512002283363618,7.1293254796848045,34.97327945098747,76.20343701539129,1.2621453984416589
Papua New Guinea,WPR,39671.85,3711.094,90.0,0.5457781891,0.36,488.0574789,11.52414897,187.9681507,0.2916127555,1.493543287,361.5831784,128.4103185,44.26400007,203.9210501,428.4318557,6.951483027,488.05747888367404,11.524148967051559,187.9681507342603,0.2916127555279344,1.493543287307331,361.5831784300561,128.41031845587028,44.26400007382504,203.92105004879883,416.57634545373776,6.951483026717893
Paraguay,AMR,16829.96,829.3166,78.0,0.3088398204,0.58,257.9634579,8.783724323,102.8867167,0.2311676361,1.187694302,183.9926043,65.25746928,25.15387146,110.6061045,217.2787802,3.668045595,257.96345790156647,8.783724323271281,102.88671670016173,0.23116763609101848,1.1876943024685735,183.99260434930733,65.25746928978563,25.153871467047928,110.60610450788162,211.02564808736759,3.6680455955022886
Peru,AMR,41977.43,561.4681,81.0,0.555836545,0.84,959.7931793,10.39263805,360.6671473,0.1959443304,1.010500031,733.3235503,263.3556617,81.18496645,394.5760972,877.152405,14.23349847,959.7931792551784,10.392638045221918,360.6671473123098,0.19594433039796186,1.0105000311995622,733.3235502375094,263.3556617038269,81.18496644103574,394.5760971452312,852.8772458837723,14.233498472992007
Philippines,WPR,171126.2,48681.18,90.0,0.2720471044,0.1,1047.283332,38.71176356,416.0661096,1.061561855,5.416926135,745.7681278,264.1299542,104.6894466,446.9414811,879.5024512,14.93127279,1047.2833324445457,38.71176355575396,416.0661096734374,1.0615618553012103,5.4169261351266496,745.7681278362699,264.1299542672093,104.6894465883905,446.9414811796405,854.0498720783113,14.931272792694534
Poland,EUR,6596.052,571.1357,97.14,0.0,0.0,0.0,0.0,0.0,0.0,0.0,0.0,0.0,0.0,0.0,0.0,0.0,0.0,0.0,0.0,0.0,0.0,0.0,0.0,0.0,0.0,0.0,0.0
Portugal,EUR,30996.17,213.2679,97.14,0.0,0.0,0.0,0.0,0.0,0.0,0.0,0.0,0.0,0.0,0.0,0.0,0.0,0.0,0.0,0.0,0.0,0.0,0.0,0.0,0.0,0.0,0.0,0.0
Puerto Rico,AMR,12482.09,231.3057,97.14,0.3637163359,0.0,26.54342352,0.1059061829,9.872005452,0.0,0.0,20.53586701,7.475094462,2.226854192,10.83921477,24.7971912,0.4165820171,26.543423520615463,0.10590618287178162,9.872005452505865,0.0,0.0,20.535867007049085,7.475094462318797,2.2268541923807303,10.839214766360643,24.086951328358506,0.41658201714379656
Qatar,EMR,336.5839,9.923904,97.14,0.3637163359,0.0,0.715752651,0.002855797071,0.266202062,0.0,0.0,0.5537567993,0.2015685231,0.06004789813,0.2922831977,0.6686648889,0.01123327904,0.7157526510320374,0.0028557970712514867,0.2662020619964837,0.0,0.0,0.5537567993111658,0.20156852313960755,0.060047898132673014,0.2922831976855843,0.649513023636994,0.011233279042221772
Romania,EUR,4608.22,559.7048,97.14,0.0,0.0,0.0,0.0,0.0,0.0,0.0,0.0,0.0,0.0,0.0,0.0,0.0,0.0,0.0,0.0,0.0,0.0,0.0,0.0,0.0,0.0,0.0,0.0
Russia,EUR,948880.7,39944.61,97.14,0.0,0.0,0.0,0.0,0.0,0.0,0.0,0.0,0.0,0.0,0.0,0.0,0.0,0.0,0.0,0.0,0.0,0.0,0.0,0.0,0.0,0.0,0.0,0.0
Rwanda,AFR,197362.9,78240.93,91.0,0.7922325011,0.74,4443.186966,402.6075605,1989.812853,11.38995099,58.65413808,2686.538773,870.1717346,520.4848907,2070.953666,2957.016385,45.22083944,4443.186966278944,402.6075604747877,1989.8128531805864,11.38995098899117,58.65413807557631,2686.538772905293,870.171734635924,520.4848907329169,2070.95366618375,2879.8605528175985,45.22083944176027
Saint Lucia,AMR,412.1581,27.80105,67.0,1.0,0.0,31.15926499,0.1110401277,11.24565922,0.0,0.0,24.65781241,8.725119468,2.371361002,12.41779713,29.32286424,0.4374139201,31.159264993731426,0.11104012768108745,11.245659217499309,0.0,0.0,24.657812406472228,8.725119467640054,2.3713610015639253,12.417797133219064,28.576276475287735,0.4374139201162606
Saint Vincent and the Grenadines,AMR,888.0634,56.39709,97.14,1.0,0.0,5.81861243,0.02073538857,2.099989602,0.0,0.0,4.604545511,1.629309568,0.4428227239,2.318872052,5.475687003,0.08168171082,5.818612429774614,0.020735388567699433,2.099989602357915,0.0,0.0,4.604545511205542,1.629309567985392,0.4428227238979644,2.318872051837682,5.336270850074158,0.08168171081881882
Samoa,WPR,339.6084,67.62138,97.14,0.3637163359,0.0,0.722184313,0.002881458899,0.2685941198,0.0,0.0,0.5587327873,0.2033797922,0.06058748089,0.2949096172,0.6746734263,0.01133421985,0.7221843130724568,0.002881458899526695,0.26859411977615877,0.0,0.0,0.5587327872877643,0.20337979218199412,0.0605874808872322,0.2949096172243681,0.6553494648333498,0.011334219855086557
Sao Tome and Principe,AFR,21.51168,1.46686,62.0,0.3583525923,0.0,0.5983099705,0.002389297872,0.2225704513,0.0,0.0,0.4628128019,0.1684981331,0.05023248275,0.24436463,0.5589169505,0.00939818898,0.5983099704208856,0.0023892978716426165,0.22257045127932756,0.0,0.0,0.4628128018128393,0.16849813304221947,0.05023248274537623,0.2443646299259588,0.5428939209243966,0.009398188978930681
Saudi Arabia,EMR,22159.24,2213.987,90.0,0.0,0.0,0.0,0.0,0.0,0.0,0.0,0.0,0.0,0.0,0.0,0.0,0.0,0.0,0.0,0.0,0.0,0.0,0.0,0.0,0.0,0.0,0.0,0.0
Senegal,AFR,101581.2,32867.56,77.0,0.4179155272,0.25,2452.079666,144.9316484,1014.788751,4.123448059,21.08588751,1649.464793,567.0587164,265.5696227,1076.333084,1899.787,31.33297855,2452.079665571425,144.93164839336933,1014.7887514942937,4.123448059319178,21.085887508614405,1649.4647932693363,567.0587163593082,265.56962266994697,1076.3330840957888,1846.3616526484914,31.332978553638835
Serbia,EUR,2154.67,83.48645,97.14,0.0,0.0,0.0,0.0,0.0,0.0,0.0,0.0,0.0,0.0,0.0,0.0,0.0,0.0,0.0,0.0,0.0,0.0,0.0,0.0,0.0,0.0,0.0,0.0
Seychelles,AFR,241.507,15.65946,52.0,0.3583525923,0.0,8.48475439,0.03388311512,3.15631647,0.0,0.0,6.563241708,2.389506017,0.7123569714,3.465384114,7.926114027,0.1332776138,8.48475438908313,0.03388311511671075,3.156316469277687,0.0,0.0,6.5632417068747415,2.3895060162152673,0.7123569713346958,3.4653841132589234,7.698888211957208,0.13327761383003553
Sierra Leone,AFR,128471.3,24371.42,97.14,0.2828771493,0.13,230.2234911,7.360091408,90.63988168,0.1976162334,1.008822266,166.0107626,59.07059482,22.45510779,97.66524988,196.5568791,3.333678649,230.2234910861656,7.360091407752515,90.63988167558334,0.19761623337091047,1.0088222657490873,166.01076261751223,59.07059481780069,22.455107792066343,97.66524987504496,190.87401956370553,3.333678648775398
Singapore,WPR,630.0973,20.46634,93.0,0.2518046743,0.0,2.229570473,0.009057426737,0.8328312224,0.0,0.0,1.7186563,0.6281147693,0.1899358674,0.9134747943,2.080474685,0.03561828113,2.229570472779482,0.009057426735096626,0.8328312221960739,0.0,0.0,1.7186562992864431,0.6281147691696491,0.1899358674069437,0.9134747941365445,2.0197601637874985,0.03561828111919986
Slovakia,EUR,266.3305,0.192984,97.14,0.0,0.0,0.0,0.0,0.0,0.0,0.0,0.0,0.0,0.0,0.0,0.0,0.0,0.0,0.0,0.0,0.0,0.0,0.0,0.0,0.0,0.0,0.0,0.0
Slovenia,EUR,75.85926,7.143938,97.14,0.0,0.0,0.0,0.0,0.0,0.0,0.0,0.0,0.0,0.0,0.0,0.0,0.0,0.0,0.0,0.0,0.0,0.0,0.0,0.0,0.0,0.0,0.0,0.0
Solomon Islands,WPR,1064.898,237.4911,83.0,0.3637163359,0.0,13.46047936,0.05370625941,5.006208998,0.0,0.0,10.41397745,3.790707505,1.129263709,5.496692112,12.57494461,0.2112535951,13.460479364885986,0.05370625940743021,5.006208998635457,0.0,0.0,10.413977453727409,3.790707505475641,1.1292637094032119,5.496692112110108,12.214773692118863,0.21125359512089936
Somalia,EMR,60049.43,32761.86,81.0,0.08527643065,0.04,245.7611043,18.57764675,104.7860002,0.5428376855,2.7676375,157.3794608,53.61961318,29.336359,110.0154743,179.5088062,3.118358944,245.7611043008109,18.577646748674052,104.78600020997882,0.5428376855092849,2.7676375000616247,157.37946079346042,53.619613180500636,29.336358999949862,110.01547434433583,174.19483197970573,3.118358944219599
South Africa,AFR,7063812.0,2037533.0,97.14,0.4712352308,0.74,30935.21522,3314.396912,14444.81091,94.25752379,485.3922392,17476.86185,5577.15194,3925.116726,14886.25181,18926.67404,305.5632718,30935.21521647799,3314.3969117616543,14444.810906251152,94.25752378535994,485.3922391862809,17476.86185089175,5577.151939835117,3925.1167260810007,14886.25181433253,18405.61454743683,305.5632718315603
South Sudan,AFR,390553.6,95114.09,76.0,0.114958641,0.05,2371.793059,90.36534773,947.6979003,2.488456247,12.689093,1677.437735,596.5487217,242.1918011,1016.322424,1983.038248,34.53949793,2371.7930590844635,90.36534772942665,947.6979004719027,2.4884562471958165,12.689093004070429,1677.437734826536,596.5487217749528,242.19180108213126,1016.3224245489903,1924.1766760230244,34.53949793132946
Spain,EUR,43690.42,654.6254,12.0,0.7378054327,0.95,6334.806294,64.86950277,2360.516372,1.197157128,6.183671331,4874.832017,1737.713286,520.5550115,2587.028538,5807.884828,91.13820963,6334.80629329075,64.86950276829937,2360.516372168906,1.1971571278536606,6.183671330711874,4874.832017041284,1737.713286058406,520.5550115115195,2587.02853734028,5652.39956402699,91.13820962517259
Sri Lanka,SEA,2442.16,230.4761,82.0,0.1858853503,0.46,20.849787,1.470348101,8.949992724,0.04166958095,0.2137225878,13.39343153,4.573784409,2.393573939,9.410570457,15.31112349,0.2619924744,20.84978699550165,1.4703481012481228,8.949992723664165,0.04166958095076921,0.2137225877536138,13.393431531916635,4.573784408750478,2.393573938960139,9.410570455965038,14.864585476674467,0.2619924744017031
Sudan,EMR,199167.1,21937.77,97.14,0.07777994158,0.11,102.1221689,5.314618139,41.92901008,0.1505051871,0.768104902,69.54352699,24.38848496,11.09416144,44.58302876,81.24256203,1.419952268,102.12216893607436,5.314618139135631,41.92901008324416,0.15050518705382124,0.7681049019743188,69.54352699536238,24.388484963812992,11.094161439046053,44.58302875872809,78.82286270285073,1.4199522675674923
Suriname,AMR,6141.119,147.1605,97.14,0.5448292924,0.95,21.25613721,0.3828762595,8.155657133,0.00874647218,0.04517812074,15.89574247,5.674230539,1.863203802,8.871756072,18.91441196,0.3072212821,21.256137210743056,0.3828762595140943,8.15565713246523,0.008746472179645077,0.04517812073600382,15.89574246672473,5.6742305384769205,1.863203802211259,8.871756071865653,18.390457716650033,0.3072212820884467
Swaziland,AFR,280416.9,72240.03,96.0,0.6635037062,0.78,2188.450988,175.7449135,964.7063055,4.927317728,25.38854911,1361.400613,450.1677767,248.4482106,1009.12217,1521.642289,23.90434991,2188.450987538691,175.74491349988728,964.7063054678656,4.9273177277358124,25.38854911255009,1361.400612795448,450.16777664484204,248.44821054671175,1009.1221701850244,1480.8658601715824,23.904349910051042
Sweden,EUR,1166.964,38.8543,97.14,0.0,0.0,0.0,0.0,0.0,0.0,0.0,0.0,0.0,0.0,0.0,0.0,0.0,0.0,0.0,0.0,0.0,0.0,0.0,0.0,0.0,0.0,0.0,0.0
Switzerland,EUR,2623.446,62.10872,97.14,0.0,0.0,0.0,0.0,0.0,0.0,0.0,0.0,0.0,0.0,0.0,0.0,0.0,0.0,0.0,0.0,0.0,0.0,0.0,0.0,0.0,0.0,0.0,0.0
Tajikistan,EUR,8162.652,809.6209,82.0,0.1646583443,0.95,85.59264437,10.75131439,42.58490228,0.3028515823,1.56431817,43.64596991,13.49700813,11.5525002,43.37718652,45.93105323,0.7756222972,85.59264437888069,10.751314385157228,42.58490228127171,0.30285158232370424,1.5643181696903683,43.64596991128346,13.497008127128105,11.552500202063426,43.3771865259908,44.60913739874362,0.7756222972859238
Tanzania,AFR,2157596.0,542872.6,97.14,0.3583525923,0.0,4516.525599,18.03634493,1680.141048,0.0,0.0,3493.683827,1271.959635,379.1952424,1844.661064,4219.155353,70.94510072,4516.525598833838,18.03634492823485,1680.1410480255493,0.0,0.0,3493.6838264374223,1271.9596344108131,379.19524231373407,1844.6610637856475,4098.200619290093,70.94510070784663
Thailand,SEA,617388.6,1301.904,87.0,0.647329946,0.95,11191.26344,54.65159636,4124.469531,0.351720713,1.816741711,8716.229597,3134.057762,906.1863289,4536.341961,10447.9595,166.8671607,11191.263443880773,54.65159636220199,4124.469531094358,0.3517207129929766,1.8167417114673599,8716.2295978008,3134.0577617608355,906.186328939015,4536.34196149931,10163.322847093687,166.86716073725282
Timor-Leste,SEA,2800.047,524.4834,97.14,0.2518046743,0.0,4.048059618,0.01644487306,1.512107592,0.0,0.0,3.120432051,1.140419674,0.3448519454,1.658525923,3.777357862,0.06466937341,4.048059617114699,0.016444873059164377,1.5121075918454057,0.0,0.0,3.1204320499311513,1.1404196741174104,0.34485194528665924,1.6585259226125588,3.6671231769105916,0.06466937340174071
Togo,AFR,270540.8,63164.97,97.14,0.4164921204,0.34,809.5066978,47.42562403,335.8055731,1.340575092,6.864021868,543.9958704,187.1129063,87.29311349,356.1473928,626.7847897,10.34130364,809.5066978512433,47.42562402814884,335.80557312863124,1.3405750923330373,6.864021867698557,543.9958704696782,187.1129063479092,87.29311349735329,356.1473928532699,609.1520464882246,10.341303640200833
Tonga,WPR,58.53044,12.45279,97.14,0.3637163359,0.0,0.1244661958,0.0004966103819,0.04629135207,0.0,0.0,0.09629583921,0.03505186775,0.01044206184,0.05082674532,0.1162778438,0.001953417157,0.12446619578676107,0.0004966103819316991,0.04629135207465797,0.0,0.0,0.0962958392147522,0.03505186774979852,0.010442061841878146,0.05082674532306575,0.11294741982371605,0.001953417156863471
Trinidad and Tobago,AMR,10470.87,435.5197,90.0,0.613574647,0.95,148.2949441,3.678294628,57.78804919,0.0905072638,0.4674968385,108.9599851,38.53560618,13.3081861,62.57737843,128.7449442,2.063187716,148.2949440505455,3.6782946278431723,57.78804918147822,0.09050726380303077,0.46749683845042533,108.95998510081067,38.53560618108192,13.30818610330365,62.57737842945842,125.22583257841822,2.0631877159551064
Tunisia,EMR,4206.569,181.7142,79.0,0.2723705722,0.0,48.46108072,0.1962256159,18.08796261,0.0,0.0,37.38092174,13.65170035,4.116917362,19.84324955,45.22992749,0.7716924181,48.4610807204634,0.1962256159430908,18.087962613571218,0.0,0.0,37.380921735212965,13.651700345285443,4.116917362187626,19.843249550293017,43.9144620359968,0.7716924180552336
Turkey,EUR,8426.082,1185.291,97.14,0.0,0.0,0.0,0.0,0.0,0.0,0.0,0.0,0.0,0.0,0.0,0.0,0.0,0.0,0.0,0.0,0.0,0.0,0.0,0.0,0.0,0.0,0.0,0.0
Turkmenistan,EUR,16269.72,738.0411,97.14,0.0,0.0,0.0,0.0,0.0,0.0,0.0,0.0,0.0,0.0,0.0,0.0,0.0,0.0,0.0,0.0,0.0,0.0,0.0,0.0,0.0,0.0,0.0,0.0
Uganda,AFR,1704291.0,431330.7,78.0,0.5661213954,0.63,59920.99328,4624.633626,26052.85227,130.6201227,671.5826541,37853.50329,12631.19959,6813.695695,27316.29841,42585.21805,681.5343655,59920.99328330401,4624.633626282269,26052.85226713689,130.62012270390943,671.5826540824826,37853.50329702794,12631.199591579134,6813.695694838382,27316.298412932083,41422.8437596165,681.5343655048118
Ukraine,EUR,368306.8,3871.335,86.0,0.2728943983,0.75,2939.448571,42.0089538,1125.131282,0.8885457268,4.576349511,2206.082821,798.449799,262.3476358,1225.105021,2649.114449,45.13048271,2939.448570617151,42.0089538019108,1125.1312815441252,0.8885457267743976,4.576349511256083,2206.082820729395,798.4497989429307,262.34763574991376,1225.1050209875216,2572.1827022385155,45.130482706042
United Arab Emirates,EMR,12903.31,299.1333,97.14,0.3637163359,0.0,27.43915659,0.1094800877,10.20514567,0.0,0.0,21.22886937,7.727348635,2.302001505,11.20499438,25.633996,0.4306399735,27.439156595393285,0.1094800877506322,10.205145666741183,0.0,0.0,21.22886937289561,7.727348635251208,2.3020015052838265,11.204994378900405,24.89978841241503,0.4306399735646613
United States,AMR,354844.3,5960.901,97.14,0.3637163359,0.0,754.5837707,3.0107302,280.644096,0.0,0.0,583.7992959,212.5040487,63.30562567,308.1401894,704.9413963,11.84270857,754.5837707288066,3.0107302003758463,280.64409601201623,0.0,0.0,583.7992958718796,212.50404875428637,63.30562566824992,308.1401893688402,684.750501177723,11.842708574123284
Uruguay,AMR,7240.112,146.8193,97.14,0.5947464067,0.95,27.26669516,0.4045810822,10.35222251,0.008726192986,0.04507337269,20.61113119,7.36351895,2.338590899,11.29257158,24.55642249,0.3954587919,27.266695154863882,0.4045810821939091,10.35222250653332,0.008726192985787383,0.045073372690195845,20.611131186572116,7.363518949813631,2.3385908987044854,11.292571582435842,23.881923624032353,0.3954587919117732
Uzbekistan,EUR,25647.92,125.3955,90.0,0.2693883936,0.95,142.337195,1.471605375,54.04201143,0.02605899021,0.1346024067,107.8683418,39.18371098,12.46005575,58.99905488,129.9254056,2.215965276,142.33719498813687,1.4716053747188635,54.042011435503035,0.02605899020919822,0.1346024067474107,107.86834181800964,39.18371098893006,12.460055752199096,58.99905488526281,126.14798013291787,2.2159652765003828
Vanuatu,WPR,521.5702,95.27909,57.0,0.3637163359,0.0,16.67572864,0.06653485243,6.202021526,0.0,0.0,12.90152136,4.696178197,1.399006281,6.809664321,15.57866984,0.2617148714,16.675728640395427,0.0665348524292007,6.202021526523673,0.0,0.0,12.901521363241974,4.696178197139376,1.399006281349759,6.80966432149993,15.13246638340212,0.261714871443133
Venezuela,AMR,96054.95,5024.038,97.14,1.0,0.0,629.3543074,2.242786621,227.1396347,0.0,0.0,498.038078,176.2298154,47.8967094,250.8144565,592.2627161,8.834878961,629.3543073742022,2.242786620978796,227.1396346871286,0.0,0.0,498.0380779700782,176.22981544713855,47.896709404849666,250.81445648550084,577.1831489624848,8.83487896091214
Yemen,EMR,7299.473,888.0772,97.14,0.1423828125,0.32,7.77494307,0.6161821778,3.372632972,0.01773799291,0.09079632593,4.887400068,1.652592482,0.9292961353,3.530873771,5.540475103,0.09528880796,7.774943070310428,0.6161821777859663,3.3726329716906496,0.017737992907431135,0.09079632593271852,4.887400067958228,1.652592482451262,0.9292961353266729,3.530873770910313,5.37807790772575,0.09528880795617684
Zambia,AFR,1156376.0,870815.3,93.0,0.6314715868,0.61,20236.19922,2806.442844,9888.275336,81.23781156,417.5638065,10325.47887,3075.170806,2842.695601,10049.21406,10586.87002,164.1604248,20236.199221028244,2806.442843653119,9888.275335433364,81.23781156083683,417.5638064604422,10325.4788722173,3075.1708057549163,2842.6956008286284,10049.214062704616,10306.858199581742,164.16042481736233
Zimbabwe,AFR,1902673.0,623894.3,86.0,0.6100557708,0.8,52929.8065,5400.582305,24512.04137,152.7704359,787.3938136,30429.66556,9741.31085,6523.241702,25328.33578,33087.55183,521.8486973,52929.80650107172,5400.5823047429785,24512.041364976987,152.77043589336654,787.3938135970711,30429.665558081066,9741.310849552452,6523.241701782576,25328.335783471073,32197.457104923615,521.8486973155046
